{"cameraMode":{"drawMode":0,"name":"Shaded","section":"Shading Mode"},"sceneLighting":false,"audioPlay":false,"sceneViewState":{"m_AlwaysRefresh":false,"showFog":true,"showSkybox":false,"showFlares":true,"showImageEffects":true,"showParticleSystems":true,"showVisualEffectGraphs":true,"m_FxEnabled":true},"in2DMode":false,"pivot":{"x":-6.670835971832275,"y":-0.08103856444358826,"z":-13.892361640930176},"rotation":{"x":0.4269169569015503,"y":-0.030653012916445733,"z":0.01438472792506218,"w":0.9037328958511353},"size":1.3087493181228638,"orthographic":false}